section,section_index,ENGLISH,RUSSIAN,JAPANESE,VIETNAMESE,KOREAN,ARMENIAN,CHINESE,SPANISH
header,1,Metro is making bus service changes. ,Metro вносит ряд изменений в график движения автобусов.,Metro のサービスが 変更されます。,Metro sắp tiến hành thay đổi dịch vụ.,Metro 는 버스편 운행 변 경을 진행하고 있습니다.,Metro-ն կատարում է փոփոխություններ տրամադրվողծառայություններում:,Metro 將對服務進行變更。,Metro está haciendo cambios al servicio de autobús. 
header,2,"New schedules beginning October 23, 2022.",Новый график вступает в силу 23 октября 2022 года.,最新の時刻表は、2022年10月23日から適用 されます。,Lịch trình mới sẽ bắt đầu có hiệu lực vào ngày 23 tháng 10 năm 2022.,새로운 일정은 2022년 10월 23일에 시작됩니다.,Նոր ժամանակացույցերը կգործեն2022 թ.-ի հոկտեմբերի 23-ից սկսած։,新安排將從2022年10月23日開始。,Nuevos horarios a partir del 23 de octubre de 2022.
header,3,"Metro is making service changes to some bus lines beginning Sunday, October 23, to provide our riders with more reliable and predictable service.","С воскресенья, 23 октября, вступают в силу изменения в графике движения некоторых автобусных маршрутов Metro. Это позволит сделать наши перевозки еще более надежными и обеспечить их пунктуальность. ",Metro では、より信頼性が高く予測可 能なサービスを提供させていただくた め、一部のバス路線において、10月23日（日）よりサービスの変更を行います。 ,"Metro sắp tiến hành thay đổi dịch vụ đối với một số tuyến xe buýt vào Chủ Nhật, ngày 23 tháng 10, để cung cấp cho hành khách các dịch vụ đáng tin cậy và dễ nắm bắt hơn. ",Metro 는 승객들에게 더 안정적이고 예 측 가능한 서비스를 제공하기 위해 10월 23일 일요일에 일부 버스 노선의 운행 서 비스 변경을 진행하고 있습니다. ,Հոկտեմբերի 23-ից՝ կիրակի օրվանից սկսած Metro-ն կատարում է փոփոխություններ ծառայություններում՝ մեր ուղևորներին ավելի հուսալի և կանխատեսելի սպասարկում ապահովելու համար: ,Metro即將在10月23日週日更動其巴士線路，藉此提供搭乘者更穩定的可預 測服務。,"Metro hará cambios en el servicio de algunas líneas de autobús a partir del domingo, 23 de octubre, para brindar un servicio más confiable y predecible a nuestros pasajeros."
summary_frequency,1,The following lines will have frequency improvements:,По этим маршрутам изменится частота движения.,下記の路線では、運行頻度が改善されます：,Các tuyến sau sẽ được tăng tần suất:,다음 버스 노선의 운행 간격이 개선됩니다.,Հետևյալ գծերը կունենան հաճախականության բարելավումներ.,下列線路的班次間隔時間將會縮短：,Se realizarán mejoras en la frecuencia de las siguientes líneas:
summary_frequency,2,"Weekday: 4, 18, 30, 53, 66, 70, 90, 92, 180, 207, 210, 212, 217, 224, 240, 690","Будни: 4, 18, 30, 53, 66, 70, 90, 92, 180, 207, 210, 212, 217, 224, 240, 690",平日： 4、18、30、53、66、70、90、92、180 、207、210、212、217、224、240、690,"Các ngày trong tuần: 4, 18, 30, 53, 66, 70, 90, 92, 180, 207, 210, 212, 217, 224, 240, 690","평일: 4, 18, 30, 53, 66, 70, 90, 92, 180, 207, 210, 212, 217, 224, 240, 690","շաբաթվա օրերին՝ 4, 18, 30, 53, 66, 70, 90, 92, 180, 207, 210, 212, 217, 224, 240, 690",週間： 4、18、30、53、66、70、90、92、180、207、210、212、217、224、240、690,"Entre semana: 4, 18, 30, 53, 66, 70, 90, 92, 180, 207, 210, 212, 217, 224, 240, 690"
summary_frequency,3,"Saturday and Sunday: 2, 4, 28, 210, 224, 690","Суббота и воскресенье: 2, 4, 28, 210, 224, 690",土曜日および日曜日： 2、4、28、210、224、690,"Thứ Bảy và Chủ Nhật: 2, 4, 28, 210, 224, 690","토요일 및 일요일: 2, 4, 28, 210, 224, 690","Շաբաթ և կիրակի օրերին՝ 2, 4, 28, 210, 224, 690",週六和週日： 2、4、28、210、224、690,"Sábados y domingos: 2, 4, 28, 210, 224, 690 "
summary_capacity,1,The following lines will have added trips for more capacity:,По этим маршрутам будут добавлены дополнительные рейсы для увеличения пропускной способности.,下記の路線では、輸送定員増加のために運行数が 追加されます：,Các tuyến sau sẽ được tăng chuyến để phục vụ nhiều hành khách hơn:,다음 버스 노선에는 더 많은 승객 수용을 위해 운행 이 추가됩니다.,Հետևյալ գծերում կավելացվեներթուղիներ՝ ուղևորություններն ավելիընդգրկուն դարձնելու համար.,下列線路將會增加出行班次以提高承載量：,Se añadirán viajes a las siguientes líneas para aumentar su capacidad:
summary_capacity,2,"Weekday: 108, 224, 460, 534","Будни: 108, 224, 460, 534",平日： 108、224、460、534,"Các ngày trong tuần: 108, 224, 460, 534","평일: 108, 224, 460, 534","շաբաթվա օրերին՝ 108, 224, 460, 534",週間： 108、224、460、534,"Entre semana: 108, 224, 460, 534"
summary_capacity,3,"Saturday: 33, 212","Суббота: 33, 212",土曜日： 33、212,"Thứ Bảy: 33, 212","토요일: 33, 212","շաբաթ օրը՝ 33, 212",週六： 33、212,"Sábados: 33, 212"
summary_capacity,4,Sunday: 212,Воскресенье: 212,日曜日： 212,Chủ Nhật: 212,일요일: 212,կիրակի օրը՝ 212,週日： 212,Domingos: 212
summary_performance,1,The following lines will have revised schedules to improve reliability and on-time performance:,По этим маршрутам будут пересмотрены графики движения с целью повышения надежности и обеспечения пунктуальности.,下記の路線では、信頼性と定時運行率の向上のた めに時刻表が改正されます：,Các tuyến sau sẽ được sửa đổi lịch trình để cải thiện độ tin cậy và hiệu suất đúng giờ:,다음 노선은 신뢰도와 정시 운행 개선을 위해 일정이 수정됩니다.,"Հետևյալ գծերը կունենան վերանայված
ժամանակացույցեր՝ բարելավելու
համար հուսալիությունը և ժամանակին
գործելը.",下列線路將會增加出行班次以提高承載量：週間：,Se revisarán los horarios de las siguientes líneas para mejorar la confiabilidad y la puntualidad:
summary_performance,2,"Weekday: 2, 14, 18, 28, 37, 60, 78, 90, 92, 94, 150, 152, 210, 217, 224, 234, 240, 534 ","Будни: 2, 14, 18, 28, 37, 60, 78, 90, 92, 94, 150, 152, 210, 217, 224, 234, 240, 534",平日： 2、14、18、28、37、60、78、90、92、94、150、152、210、217、224、234、240、534,"Các ngày trong tuần: 2, 14, 18, 28, 37, 60, 78, 90, 92, 94, 150, 152, 210, 217, 224, 234, 240, 534","평일: 2, 14, 18, 28, 37, 60, 78, 90, 92, 94, 150, 152, 210, 217, 224, 234, 240, 534","շաբաթվա օրերին՝ 2, 14, 18, 28, 37, 60, 78, 90, 92, 94, 150, 152, 210, 217, 224, 234, 240, 534",週間： 2、14、18、28、37、60、78、90、92、94、150、152、210、217、224、234、240、534,"Entre semana: 2, 14, 18, 28, 37, 60, 78, 90, 92, 94, 150, 152, 210, 217, 224, 234, 240, 534 "
summary_performance,3,"Saturday: 14, 18, 37, 60, 90, 92, 94, 106, 150, 152, 210, 224, 240, 534","Суббота: 14, 18, 37, 60, 90, 92, 94, 106, 150, 152, 210, 224, 240, 534",土曜日： 14、18、37、60、90、92、94、106、150、152、210、224、240、534,"Thứ Bảy: 14, 18, 37, 60, 90, 92, 94, 106, 150, 152, 210, 224, 240, 534","토요일: 14, 18, 37, 60, 90, 92, 94, 106, 150, 152, 210, 224, 240, 534","շաբաթ օրը՝ 14, 18, 37, 60, 90, 92, 94, 106, 150, 152, 210, 224, 240, 534",週六： 14、18、37、60、90、92、94、106、150、152、210、224、240、534,"Sábados: 14, 18, 37, 60, 90, 92, 94, 106, 150, 152, 210, 224, 240, 534"
summary_performance,4,"Sunday: 14, 18, 37, 60, 76, 92, 94, 106, 150, 210, 224, 240, 534","Воскресенье: 14, 18, 37, 60, 76, 92, 94, 106, 150, 210, 224, 240, 534",日曜日： 14、18、37、60、76、92、94、106、150、210、224、240、534,"Chủ Nhật: 14, 18, 37, 60, 76, 92, 94, 106, 150, 210, 224, 240, 534","일요일: 14, 18, 37, 60, 76, 92, 94, 106, 150, 210, 224, 240, 534","կիրակի օրը՝ 14, 18, 37, 60, 76, 92, 94, 106, 150, 210, 224, 240, 534",週日： 14、18、37、60、76、92、94、106、150、210、224、240、534,"Domingos: 14, 18, 37, 60, 76, 92, 94, 106, 150, 210, 224, 240, 534"
details,1,"2 – Improve Saturday, Sunday frequency from every 12 minutes to every 10 minutes. Revised schedule weekday to improve service reliability. ","2 – Увеличить частоту движения автобусов по субботам и воскресеньям,  уменьшив промежутки между рейсами с  12 до 10 минут. График движения в будни  был пересмотрен с целью повышения  надежности обслуживания.  ",2 – 土曜日および日曜日の運行頻度を12分に1  本から10分に1本に改善します。サービスの信頼  性向上のため、平日の時刻表を改正します。  ,"2 – Tăng tần suất từ 12 phút một chuyến  thành 10 phút một chuyến vào Thứ Bảy,  Chủ Nhật. Sửa đổi lịch trình các ngày trong  tuần để cải thiện độ tin cậy của dịch vụ.  ","2 – 토요일, 일요일 운행 간격은 12분에서 10  분으로 개선됩니다. 서비스 신뢰도 향상을 위해  평일 일정을 수정했습니다.  ",2 – Շաբաթ և կիրակի օրերին բարելավված հաճախականություն՝ յուրաքանչյուր 12 րոպեի փոխարեն յուրաքանչյուր 10 րոպենմեկ: Աշխատանքային օրերի համար վերանայված ժամանակացույց՝ սպասարկման հուսալիության բարձրացման նպատակով:,2 – 將週六、週日的班次時間間隔從每12分鐘一 班縮短為每10分鐘一班。為了提高服務穩定性，已修訂週間的巴士時間表。,2 – Mejorar la frecuencia de los sábados y los domingos de cada 12 minutos a 10 minutos. Revisar el horario entre semana para mejorar la confiabilidad del servicio.
details,2,"4 – Improve weekday frequency from every 10 minutes to every 7.5 minutes and Saturday, Sunday frequency from every 12 minutes to every 10 minutes. ","4 – Увеличить частоту движения  автобусов в будни, уменьшив  промежутки между рейсами с 10 до 7,5  минут. Промежутки между субботними  и воскресными рейсами уменьшить с 12  до 10 минут. В Santa Monica ежедневно c  10 часов вечера до 6 часов утра маршрут  автобусов будет проходить через все  остановки кроме конечной остановки на  6th St.  ",4 – 平日の運行頻度を10分に1本から7.5分に1本  に、土曜日および日曜日の運行頻度を12分に1  本から10分に1本に改善します。Santa Monicaで  は午後10時から翌日午前6時までの間、6th Stの  ターミナル以外は、すべてのバス停にバスが停  まります。  ,"4 – Tăng tần suất từ 10 phút một chuyến  thành 7.5 phút một chuyến vào các ngày  trong tuần và tăng tần suất từ 12 phút một  chuyến thành 10 phút một chuyến vào Thứ  Bảy, Chủ Nhật. Tại Santa Monica, từ 10 giờ  tối đến 6 giờ sáng hàng ngày, xe buýt sẽ  phục vụ tất cả các điểm dừng ngoại trừ  điểm cuối tại 6th St.  ","4 – 평일 운행 간격은 10분에서 7.5분으로, 토요일,  일요일 운행 간격은 12분에서 10분 간격으로  개선됩니다. Santa Monica에서 오후 10시~오전  6시 사이 운행하는 일일 버스는 6번가의 종점을  제외한 모든 정류장에 멈춥니다.  ","4 – Շաբաթվա օրերին բարելավված հաճախականություն՝ յուրաքանչյուր 10 րոպեիփոխարեն յուրաքանչյուր 7,5 րոպեն մեկ, իսկ շաբաթ և կիրակի օրերին՝ յուրաքանչյուր 12 րոպեի փոխարեն յուրաքանչյուր 10 րոպեն մեկ: Santa Monica քաղաքում երեկոյան ժամը 10-ից մինչև առավոտյան 6-ն ամեն օր գնացքները կսպասարկեն բոլոր կանգառները, բացառությամբ 6th St.-ի:",4 – 週間的班次時間間隔從每10分鐘一班縮短 為每7.5分鐘一班，週六、週日的班次時間間隔則 從每12分鐘一班縮短為每10分鐘一班。在Santa Monica，運行時間為晚上10點至早上6點的巴士 將在除6th St終點站的所有車站停靠。,4 – Mejorar la frecuencia entre semana de cada 10 minutos a 7.5 minutos y la frecuencia de los sábados y los domingos de cada 12 minutos a 10 minutos.
details,3,"14 – Revised schedule weekday, Saturday, Sunday to improve service reliability. ","14 – График движения в будни, а также  по субботам и воскресеньям был  пересмотрен с целью повышения  надежности обслуживания.  ",14 – サービスの信頼性向上のため、平日、土曜  日、および日曜日の時刻表を改正します。  ,"14 – Sửa đổi lịch trình các ngày trong tuần,  Thứ Bảy, Chủ Nhật để cải thiện độ tin cậy  của dịch vụ.  ","14 – 서비스 신뢰도 향상을 위해 평일, 토요일,  일요일 일정을 수정했습니다.  ","14 – Վերանայված ժամանակացույց շաբաթվա,շաբաթ ևկիրակի օրերի համար՝ ծառայության հուսալիությունը բարելավելու նպատակով:",14 – 為了提高服務穩定性，已修訂週間、週六、週日的巴士時間表。,"14 – Revisar el horario entre semana, los sábados y los domingos para mejorar la confiabilidad del servicio."
details,4,"18 – Improve weekday peak periods frequency from every 7.5 minutes to every 6 minutes. Revised schedule weekday, Saturday, Sunday to improve service reliability. ","18 – Увеличить частоту движения  автобусов в будни в периоды  повышенного спроса, уменьшив  промежутки между рейсами с 7,5 до  6 минут. График движения в будни,  а также по субботам и воскресеньям  был пересмотрен с целью повышения  надежности обслуживания.  ",18 – 平日ピーク時の運行頻度を7.5分に1本から  6分に1本に改善します。サービスの信頼性向上  のため、平日、土曜日、および日曜日の時刻表を  改正します。  ,"18 – Tăng tần suất từ 7.5 phút một chuyến  thành 6 phút một chuyến vào các giờ cao  điểm trong tuần. Sửa đổi lịch trình các ngày  trong tuần, Thứ Bảy, Chủ Nhật để cải thiện  độ tin cậy của dịch vụ.  ","18 – 평일 피크 시간대 운행 간격을 7.5분에서 6  분으로 개선합니다. 서비스 신뢰도 향상을 위해  평일, 토요일, 일요일 일정을 수정했습니다.  ","18 – Աշխատանքային օրերի պիկ ժամանակահատվածներին բարելավված հաճախականություն՝ յուրաքանչյուր 7,5 րոպեի փոխարեն յուրաքանչյուր 6 րոպեն մեկ: Վերանայված ժամանակացույց շաբաթվա, շաբաթ և կիրակի օրերի համար՝ ծառայության հուսալիությունը բարելավելու նպատակով:",18 – 週間尖峰時段的班次時間間隔從每7.5分鐘 一班縮短為每6分鐘一班。為了提高服務穩定 性，已修訂週間、週六、週日的巴士時間表。,"18 – Mejorar la frecuencia de las horas pico entre semana de cada 7.5 minutos a 6 minutos. Revisar el horario entre semana, los sábados y los domingos para mejorar la confiabilidad del servicio."
details,5,"28 – Improve Saturday, Sunday frequency from every 15 minutes to every 12 minutes. Revised schedule weekday to improve service reliability. ","28 – Увеличить частоту движения  автобусов в субботу и воскресенье,  уменьшив промежутки между рейсами с  15 до 12 минут. График движения в будни  был пересмотрен с целью повышения  надежности обслуживания.  ",28 – 土曜日および日曜日の運行頻度を15分に1  本から12分に1本に改善します。サービスの信頼  性向上のため、平日の時刻表を改正します。  ,"28 – Tăng tần suất từ 15 phút một chuyến  thành 12 phút một chuyến vào Thứ Bảy,  Chủ Nhật. Sửa đổi lịch trình các ngày trong  tuần để cải thiện độ tin cậy của dịch vụ.  ","28 – 토요일, 일요일 운행 간격을 15분에서 12  분으로 개선합니다. 서비스 신뢰도 향상을 위해  평일 일정을 수정했습니다.  ",28 – Շաբաթ և կիրակի օրերին բարելավված հաճախականություն՝ յուրաքանչյուր 15 րոպեի փոխարեն յուրաքանչյուր 12 րոպեն մեկ: Աշխատանքային օրերի համար վերանայված ժամանակացույց՝ սպասարկման հուսալիության բարձրացման նպատակով:,28 – 週六、週日的班次時間間隔從每15分鐘一 班縮短為每12分鐘一班。為了提高服務穩定性，已修訂週間的巴士時間表。,28 – Mejorar la frecuencia de los sábados y los domingos de cada 15 minutos a 12 minutos. Revisar el horario entre semana para mejorar la confiabilidad del servicio.
details,6,30 – Improve weekday peak periods frequency from every 10 minutes to every 7.5 minutes. ,"30 – Увеличить частоту движения  автобусов в часы повышенного спроса,  уменьшив промежутки между рейсами с  10 до 7,5 минут.  ",30 – 平日ピーク時の運行頻度を10分に1本から  7.5分に1本に改善します。  ,30 – Tăng tần suất từ 10 phút một chuyến  thành 7.5 phút một chuyến vào các giờ cao  điểm trong tuần.  ,30 – 평일 피크 시간대 운행 간격을 10분에서 7.5  분으로 개선합니다.  ,30 – Աշխատանքային օրերի պիկ ժամանակահատվածներին բարելավված հաճախականություն՝ յուրաքանչյուր 10 րոպեի փոխարեն յուրաքանչյուր 7.5 րոպեն մեկ:,30 – 週間尖峰時段的班次時間間隔從每10分鐘 一班縮短為每7.5分鐘一班。,30 – Mejorar la frecuencia de las horas pico entre semana de cada 10 minutos a 7.5 minutos.
details,7,33 – Add one additional trip Saturdays to accommodate more riders. ,"33 – Добавить один дополнительный  рейс по субботам, чтобы обеспечить  перевозку большего количества  пассажиров.  ",33 – 輸送定員増加のために、土曜日の運行数が  1本追加されます。  ,33 – Tăng thêm một chuyến vào các ngày  Thứ Bảy để phục vụ nhiều hành khách hơn.  ,33 – 더 많은 승객을 수용할 수 있도록 토요일에  운행을 한 건 추가합니다.  ,33 – Եվս մեկ ուղղության ավելացում շաբաթ օրերին՝ ավելի շատ ուղևորներ սպասարկելու համար:,33 – 週六增加一班出行班次以載運更多乘客。,33 – Agregar un viaje los sábados para atender a más pasajeros.
details,8,"37 – Revised schedule weekday, Saturday, Sunday to improve service reliability. ","37 – График движения в будни, а также  по субботам и воскресеньям был  пересмотрен с целью повышения  надежности обслуживания.  ",37 – サービスの信頼性向上のため、平日、土曜  日、および日曜日の時刻表を改正します。  ,"37 – Sửa đổi lịch trình các ngày trong tuần,  Thứ Bảy, Chủ Nhật để cải thiện độ tin cậy  của dịch vụ.  ","37 – 서비스 신뢰도 향상을 위해 평일, 토요일,  일요일 일정을 수정했습니다.  ","37 – Վերանայված ժամանակացույց շաբաթվա,  շաբաթ և կիրակի օրերի համար՝ ծառայության հուսալիությունը բարելավելու նպատակով:",37 – 為了提高服務穩定性，已修訂週間、週六、週日的巴士時間表。,"37 – Revisar el horario entre semana, los sábados y los domingos para mejorar la confiabilidad del servicio."
details,9,40 – Reroute southbound to serve Downtown Inglewood K Line Station; reroute northbound via Crenshaw Bl Leimert Park Station; new stop southbound Crenshaw Bl at Martin Luther King Jr K Line Station. ,40 – Перенаправить в южном  направлении через остановку Downtown  Inglewood K Line; Перенаправить в  северном направлении через остановку  Crenshaw Bl Leimert Park; добавить в  маршрут новую остановку севернее  Crenshaw Bl на остановке Martin Luther King  Jr K Line.  ,40 – Downtown Inglewood K Line 駅で運行す  るため南行きルートを区間変更; Crenshaw Bl  Leimert Park 駅を経由するため北行きルートを  変更; Crenshaw Bl 南行きでMartin Luther King  Jr K Line 駅を新設。  ,40 – Đổi lịch trình về phía nam để phục  vụ Ga Downtown Inglewood K Line; Đổi  lịch trình về phía bắc qua Ga Crenshaw Bl  Leimert Park; điểm dừng mới về phía nam  Crenshaw Bl tại Ga Martin Luther King Jr K  Line.  ,40 – Downtown Inglewood K노선 역 운행을  위해 남쪽으로 노선을 변경합니다. Crenshaw  Bl Leimert 공원역을 경유해 북쪽으로 노선을  변경합니다. Martin Luther King Jr K노선역의  Crenshaw Bl 남쪽에 새 정류장을 신설합니다.  ,"40 – Փոխեք գիծը դեպի հարավ՝ Downtown Inglewood K Line Station կայարան, փոխեք գիծը դեպի հյուսիս՝ Crenshaw Bl Leimert Park Station կայարան, նոր կանգառ դեպի հարավ՝ Crenshaw Bl՝ Martin Luther King Jr K Line Station կայարանում: ",40 – 改變南行線路，在Downtown Inglewood K 線站停靠；改變北行線路，途徑Crenshaw Bl Leimert Park車站；在Martin Luther King Jr K線 站的Crenshaw Bl南行線路增設一個車站。,40 – Cambiar la ruta hacia el sur para servir a la estación Downtown Inglewood de Metro K Line; Cambiar la ruta hacia el norte a través de la estación Crenshaw Bl Leimert Park; nueva parada Crenshaw Bl en dirección sur en la estación Martin Luther King Jr. de Metro K Line.
details,10,53 – Improve weekday frequency from every 10-12 minutes to every 10 minutes. ,"53 – Увеличить частоту движения  автобусов в будни, уменьшив  промежутки между рейсами с 10–12 до 10  минут.  ",53 – 平日の運行頻度を10 12分に1本から10分に  1本に改善します。  ,53 – Tăng tần suất từ 10-12 phút một  chuyến thành 10 phút một chuyến vào các  ngày trong tuần.  ,53 – 평일 운행 간격을 10~12분에서 10분으로  개선합니다.  ,53 – Շաբաթվա օրերին բարելավված հաճախականություն՝ յուրաքանչյուր 10 12 րոպեի փոխարեն յուրաքանչյուր 10 րոպեն մեկ: ,53 – 週間的班次時間間隔從每10-12分鐘一班縮 短為每10分鐘一班。,53 – Mejorar la frecuencia entre semana de cada 10 a 12 minutos a 10 minutos.
details,11,"60 – Revised schedules weekday, Saturday, Sunday to improve service reliability. ","60 – График движения в будни, а также  по субботам и воскресеньям был  пересмотрен с целью повышения  надежности обслуживания.  ",60 – サービスの信頼性向上のため、平日、土曜  日、および日曜日の時刻表を改正します。 ,"60 – Sửa đổi lịch trình các ngày trong tuần,  Thứ Bảy, Chủ Nhật để cải thiện độ tin cậy  của dịch vụ.  ","60 – 서비스 신뢰도 향상을 위해 평일, 토요일,  일요일 일정을 수정했습니다.  ","60 – Շաբաթվա օրերին, շաբաթ և կիրակի օրերին վերանայված ժամանակացույց՝ ծառայության հուսալիությունը բարելավելու համար: ",60 – 為了提高服務穩定性，已修訂週間、週六、 週日的巴士時間表。,"60 – Revisar los horarios entre semana, los sábados y los domingos para mejorar la confiabilidad del servicio."
details,12,66 – Improve weekday midday frequency from every 12 minutes to every 10 minutes.,"66 – Увеличить частоту движения  автобусов в будни в обеденное время,  уменьшив промежутки между рейсами с  12 до 10 минут.  ",66 – 平日の日中の運行頻度を12分に1本から10   分に1本に改善します。  ,66 – Tăng tần suất từ 12 phút một chuyến  thành 10 phút một chuyến vào giữa các  ngày trong tuần.  ,66 – 평일 낮의 운행 간격을 12분에서 10분으로  개선합니다.  ,66 – Շաբաթվա օրերի ընթացքում կեսօրին բարելավված հաճախականություն՝ յուրաքանչյուր 12 րոպեի փոխարեն յուրաքանչյուր 10 րոպեն մեկ: ,66 – 週間午間的班次時間間隔從每12分鐘一班 縮短為每10分鐘一班。,66 – Mejorar la frecuencia entre semana al mediodía de cada 12 minutos a 10 minutos.
details,13,70 – Improve weekday frequency from every 10 minutes to every 7.5 minutes. ,"70 – Увеличить частоту движения  автобусов в будни, уменьшив  промежутки между рейсами с 10 до 7,5  минут.  ",70 – 平日の運行頻度を10分に1本から7.5分に1  本に改善します。  ,70 – Tăng tần suất từ 10 phút một chuyến  thành 7.5 phút một chuyến vào các ngày  trong tuần.  ,70 – 평일 운행 간격을 10분에서 7.5분으로  개선합니다.  ,70 – Շաբաթվա օրերին բարելավված հաճախականություն՝ յուրաքանչյուր 10 րոպեի փոխարեն յուրաքանչյուր 7.5 րոպեն մեկ: ,70 – 週間的班次時間間隔從每10分鐘一班縮短 為每7.5分鐘一班。,70 – Mejorar la frecuencia entre semana de cada 10 minutos a 7.5 minutos.
details,14,76 – Revised schedule Sundays to improve service reliability. ,76 – График движения по воскресеньям  был пересмотрен с целью повышения  надежности обслуживания. ,76 – サービスの信頼性向上のため、日曜日の時  刻表を改正します。  ,76 – Sửa đổi lịch trình các ngày Chủ Nhật để  cải thiện độ tin cậy của dịch vụ.  ,76 – 서비스 신뢰도 향상을 위해 일요일 일정을  수정했습니다.  ,76 – Կիրակի օրերին վերանայված ժամանակացույց՝ ծառայության հուսալիությունը բարելավելու համար: ,76 – 為了提高服務穩定性，已修訂週日的巴士 時間表。,76 – Revisar los horarios los domingos para mejorar la confiabilidad del servicio.
details,15,"78 – To better accommodate buses, the terminus at Arcadia is relocated from westbound Las Tunas Dr to eastbound Live Oak Av at McCulloch Av. Revised schedule weekday to improve service reliability. ","78 – Для лучшего наполнения  автобусов конечная остановка в Arcadia,  находившаяся в западной части Las  Tunas Dr, была перенесена в восточную  часть Live Oak Av на McCulloch Av. График  движения в будни был пересмотрен  с целью повышения надежности  обслуживания.  ",78 – サービスの信頼性向上のため、平日の時刻  表を改正します。よりよいバス運行サービスのた  め、Arcadiaのターミナルは、Las Tunas Drの西行  きから、Live Oak Avの東行きのMcCulloch Aveに  変更されます。  ,78 – Sửa đổi lịch trình các ngày trong tuần  để cải thiện độ tin cậy của dịch vụ.  ,78 – 버스의 더 나은 수용을 위해 Arcadia의  종점을 Las Tunas Dr 서쪽 방향에서 McCulloch  Av의 Live Oak Av 동쪽 방향으로 재배치합니다.  서비스 신뢰도 향상을 위해 평일 일정을  수정했습니다.  ,78 – Գնացքներն ավելի լավ բաշխելու համար Arcadia-ի տերմինալը տեղափոխվում է արևմուտք՝ Las Tunas Dr-ից դեպի արևելք՝ Live Oak Av՝ McCulloch Av-ում: Աշխատանքային օրերի համար վերանայված ժամանակացույց՝ սպասարկման հուսալիության բարձրացման նպատակով: ,78 – 為了更好地適應巴士運行，Arcadia的終點 站將從Las Tunas Dr西行線路遷至McCulloch Av 的Live Oak Av東行線路。為了提高服務穩定性，已修訂週間的巴士時間表。,"78 – Para acomodar mejor a los autobuses, la terminal en Arcadia se reubica de Las Tunas Dr en dirección oeste a Live Oak Av en dirección este en McCulloch Av. Revisar el horario entre semana para mejorar la confiabilidad del servicio."
details,16,"90 – Improve weekday frequency from every 30 minutes to every 20 minutes. Revised schedules weekday, Saturday to improve service reliability. ","90 – Увеличить частоту движения  автобусов в будни, уменьшив  промежутки между рейсами с 30 до 20  минут. График движения в будни и по  субботам был пересмотрен с целью  повышения надежности обслуживания.  ",90 – 平日の運行頻度を30分に1本から20分に1  本に改善します。サービスの信頼性向上のため、  平日、および土曜日の時刻表を改正します。  ,"90 – Tăng tần suất từ 30 phút một chuyến  thành 20 phút một chuyến vào các ngày  trong tuần. Sửa đổi lịch trình các ngày  trong tuần, Thứ Bảy để cải thiện độ tin cậy  của dịch vụ.  ","90 – 평일 운행 간격을 30분에서 20분으로  개선합니다. 서비스 신뢰도 향상을 위해 평일,  토요일 일정을 수정했습니다.  ",90 – Շաբաթվա օրերին վերանայված հաճախականություն՝ յուրաքանչյուր 30 րոպեի փոխարեն յուրաքանչյուր 20 րոպեն մեկ: Շաբաթ և կիրակի օրերին վերանայված ժամանակացույց՝ ծառայության հուսալիությունը բարելավելու համար: ,90 – 週間的班次時間間隔從每30分鐘一班縮短 為每20分鐘一班。為了提高服務穩定性，已修訂 週間、週日的巴士時間表。,90 – Mejorar la frecuencia entre semana de cada 30 minutos a 20 minutos. Revisar los horarios entre semana y los sábados para mejorar la confiabilidad del servicio.
details,17,"92 – Improve weekday frequency from every 30 minutes to every 20 minutes. Revised schedules weekday, Saturday, Sunday to improve service reliability. ","92 – Увеличить частоту движения  автобусов в будни, уменьшив  промежутки между рейсами с 30 до  20 минут. График движения в будни,  а также по субботам и воскресеньям  был пересмотрен с целью повышения  надежности обслуживания.  ",92 – 平日の運行頻度を30分に1本から20分に1  本に改善します。サービスの信頼性向上のため、  平日、土曜日、および日曜日の時刻表を改正し  ます。  ,"92 – Tăng tần suất từ 30 phút một chuyến  thành 20 phút một chuyến vào các ngày  trong tuần. Sửa đổi lịch trình các ngày  trong tuần, Thứ Bảy, Chủ Nhật để cải thiện  độ tin cậy của dịch vụ.  ","92 – 평일 운행 간격을 30분에서 20분으로  개선합니다. 서비스 신뢰도 향상을 위해 평일,  토요일, 일요일 일정을 수정했습니다.  ","92 – Շաբաթվա օրերին վերանայված հաճախականություն՝ յուրաքանչյուր 30 րոպեի փոխարեն յուրաքանչյուր 20 րոպեն մեկ: Շաբաթվա օրերին, շաբաթ և կիրակի օրերին վերանայված ժամանակացույց՝ ծառայության հուսալիությունը բարելավելու համար: ",92 – 週間的班次時間間隔從每30分鐘一班縮短 為每20分鐘一班。為了提高服務穩定性，已修訂 週間、週六、週日的巴士時間表。,"92 – Mejorar la frecuencia entre semana de cada 30 minutos a 20 minutos. Revisar los horarios entre semana, los sábados y los domingos para mejorar la confiabilidad del servicio."
details,18,"94 – Revised schedules weekday, Saturday, Sunday to improve service reliability. ","94 – График движения в будни, а также  по субботам и воскресеньям был  пересмотрен с целью повышения  надежности обслуживания.  ",94 – サービスの信頼性向上のため、平日、土曜  日、および日曜日の時刻表を改正します。  ,"94 – Sửa đổi lịch trình các ngày trong tuần,  Thứ Bảy, Chủ Nhật để cải thiện độ tin cậy  của dịch vụ.  ","94 – 서비스 신뢰도 향상을 위해 평일, 토요일,  일요일 일정을 수정했습니다.  ","94 – Շաբաթվա օրերին, շաբաթ և կիրակի օրերին վերանայված ժամանակացույց՝ ծառայության հուսալիությունը բարելավելու համար: ",94 – 為了提高服務穩定性，已修訂週間、週六、 週日的巴士時間表。,"94 – Revisar los horarios entre semana, los sábados y los domingos para mejorar la confiabilidad del servicio."
details,19,"106 – Revised schedules Saturday, Sunday to improve service reliability. ",106 – График движения по субботам и  воскресеньям был пересмотрен с целью  повышения надежности обслуживания.  ,106 – サービスの信頼性向上のため、土曜日、お  よび日曜日の時刻表を改正します。  ,"106 – Sửa đổi lịch trình các ngày Thứ Bảy,  Chủ Nhật để cải thiện độ tin cậy của dịch  vụ.  ","106 – 서비스 신뢰도 향상을 위해 토요일, 일요일  일정을 수정했습니다.  ",106 – Շաբաթ և կիրակի օրերին վերանայված ժամանակացույց՝ ծառայության հուսալիությունը բարելավելու համար: ,106 – 為了提高服務穩定性，已修訂週六、週日 的巴士時間表。,106 – Revisar los horarios los sábados y los domingos para mejorar la confiabilidad del servicio.
details,20,108 – Add two additional trips weekdays to accommodate more riders. ,"108 – Добавить два дополнительных  рейса в будни, чтобы обеспечить  перевозку большего количества  пассажиров.  ",108 – 輸送定員増加のために、平日の運行数が  2本追加されます。  ,108 – Tăng thêm hai chuyến vào các ngày  trong tuần để phục vụ nhiều hành khách  hơn.  ,108 – 더 많은 승객을 수용할 수 있도록 평일에  운행을 두 건 추가합니다.  ,108 – Եվս երկու ուղղության ավելացում շաբաթվա օրերին՝ ավելի շատ ուղևորների սպասարկելու համար: ,108 – 週間增加兩班出行班次以載運更多乘客。,108 – Agregar dos viajes entre semana para atender a más pasajeros.
details,21,111 – Reroute westbound to serve Downtown Inglewood K Line Station. ,111 – Перенаправить в западном  направлении через остановку Downtown  Inglewood K Line.  ,111 – Downtown Inglewood K Line駅で運行する  ため、西行きをルート変更します。  ,111 – Đổi lịch trình về phía tây để phục vụ Ga  Downtown Inglewood K Line.  ,111 – Downtown Inglewood K노선역을 운행하기  위해 서쪽으로 노선을 변경합니다.  ,111 – Փոխեք գիծը դեպի արևմուտք՝ դեպի Downtown Inglewood K Line կայարանը. ,111 – 改變西行線路，在Downtown Inglewood K 線站停靠,111 – Cambiar la ruta hacia el oeste para dar servicio a la estación Inglewood de Metro K Line.
details,22,"150 – Revised schedules weekday, Saturday, Sunday to improve service reliability. ","150 – График движения в будни, а  также по субботам и воскресеньям  был пересмотрен с целью повышения  надежности обслуживания.  ",150 – サービスの信頼性向上のため、平日、土曜  日、および日曜日の時刻表を改正します。  ,"150 – Sửa đổi lịch trình các ngày trong tuần,  Thứ Bảy, Chủ Nhật để cải thiện độ tin cậy  của dịch vụ.  ","150 – 서비스 신뢰도 향상을 위해 평일, 토요일,  일요일 일정을 수정했습니다.  ","150 – Շաբաթվա օրերին, շաբաթ և կիրակի օրերին վերանայված ժամանակացույց՝ ծառայության հուսալիությունը բարելավելու համար: ",150 – 為了提高服務穩定性，已修訂週間、週六、 週日的巴士時間表。,"150 – Revisar los horarios entre semana, los sábados y los domingos para mejorar la confiabilidad del servicio."
details,23,"152 – Revised schedules weekday, Saturday to improve service reliability. ",152 – График движения в будни и по  субботам был пересмотрен с целью  повышения надежности обслуживания.  ,152 – サービスの信頼性向上のため、平日、およ  び土曜日の時刻表を改正します。  ,"152 – Sửa đổi lịch trình các ngày trong tuần,  Thứ Bảy để cải thiện độ tin cậy của dịch vụ.  ","152 – 서비스 신뢰도 향상을 위해 평일, 토요일  일정을 수정했습니다.  ",152 – Շաբաթ և կիրակի օրերին վերանայված ժամանակացույց՝ ծառայության հուսալիությունը բարելավելու համար: ,152 – 為了提高服務穩定性，已修訂週間、週日 的巴士時間表。,152 – Revisar los horarios entre semana y los sábados para mejorar la confiabilidad del servicio.
details,24,180 – Improve weekday frequency from every 12 minutes to every 10 minutes. ,"180 – Увеличить частоту движения  автобусов в будни, уменьшив  промежутки между рейсами с 12 до 10  минут.  ",180 – 平日の運行頻度を12分に1本から10分に1  本に改善します。  ,180 – Tăng tần suất từ 12 phút một chuyến  thành 10 phút một chuyến vào các ngày  trong tuần.  ,180 – 평일 운행 간격을 12분에서 10분으로  개선합니다.  ,180 – Շաբաթվա օրերին վերանայված հաճախականություն՝ յուրաքանչյուր 12 րոպեի փոխարեն յուրաքանչյուր 10 րոպեն մեկ: ,180 – 週間的班次時間間隔從每12分鐘一班縮 短為每10分鐘一班。,180 – Mejorar la frecuencia entre semana de cada 12 minutos a 10 minutos.
details,25,207 – Improve weekday midday frequency from every 10 minutes to every 7.5 minutes.,"207 – Увеличить частоту движения  автобусов в будни в обеденное время,  уменьшив промежутки между рейсами с  10 до 7,5 минут.  ",207 – 平日の日中の運行頻度を10分に1本から  7.5分に1本に改善します。  ,207 – Tăng tần suất từ 10 phút một chuyến  thành 7.5 phút một chuyến vào giữa các  ngày trong tuần..  ,207 – 평일 낮 시간 운행 간격을 10분에서 7.5  분으로 개선합니다.   ,207 – կեսօրին վերանայված հաճախականություն՝ յուրաքանչյուր 10 րոպեի փոխարեն յուրաքանչյուր 7.5 րոպեն մեկ:  ,207 – 週間午間的班次時間間隔從每10分鐘一 班縮短為每7.5分鐘一班。,207 – Mejorar la frecuencia entre semana al mediodía de cada 10 minutos a 7.5 minutos
details,26,"210 – Reroute northbound via Crenshaw Bl Leimert Park K Line Station. Improve weekday, Saturday, Sunday frequency from every 12-15 minutes to every 10 minutes. Revised schedule weekday, Saturday, Sunday to improve service reliability.","210 – Перенаправить в северном  направлении через остановку Crenshaw  Bl Leimert Park K Line. Увеличить частоту  движения автобусов в будни, по  субботам и воскресеньям, уменьшив  промежутки между рейсами с 12–15 до  10 минут. График движения в будни,  а также по субботам и воскресеньям  был пересмотрен с целью повышения  надежности обслуживания.  ",210 – Crenshaw Bl Leimert Park K Line駅を経由  するため北行きルートを変更。平日、土曜日、お  よび日曜日の運行頻度を12-15分に1本から10分  に1本に改善します。サービスの信頼性向上のた  め、平日、土曜日、および日曜日の時刻表を改  正します。  ,"210 – Đổi lịch trình về phía bắc qua Ga  Crenshaw Bl Leimert Park K Line. Tăng tần  suất từ 12-15 phút một chuyến thành 10  phút một chuyến vào các ngày trong tuần,  Thứ Bảy, Chủ Nhật. Sửa đổi lịch trình các  ngày trong tuần, Thứ Bảy, Chủ Nhật để cải  thiện độ tin cậy của dịch vụ.  ","210 – Crenshaw Bl Leimert Park K Line Station  을 경유하는 북쪽으로 노선을 변경합니다. 평일,  토요일, 일요일 운행 간격은 12~15분에서 10  분으로 개선합니다. 서비스 신뢰도 향상을 위해  평일, 토요일, 일요일 일정을 수정했습니다.  ","210 – Փոխեք գիծը դեպի հյուսիս՝ Crenshaw Bl Leimert Park K Line կայարանով: Շաբաթվա օրերին, շաբաթ և կիրակի օրերին վերանայված հաճախականություն՝ յուրաքանչյուր 12 15 րոպեի փոխարեն յուրաքանչյուր 10 րոպեն մեկ: Վերանայված ժամանակացույց շաբաթվա, շաբաթ և կիրակի օրերի համար՝ ծառայության հուսալիությունը բարելավելու նպատակով: ",210 – 改變北行線路，途徑Crenshaw Bl Leimert Park站。週間、週六、週日的班次時間間隔從每 12-15分鐘一班縮短為每10分鐘一班。為了提高 服務穩定性，已修訂週間、週六、週日的巴士時 間表。,"210 – Cambiar la ruta hacia el norte a través de la estación Crenshaw Bl Leimert Park en la K Line. Mejorar la frecuencia entre semana, los sábados y los domingos de cada 12 a 15 minutos a 10 minutos. Revisar el horario entre semana, los sábados y los domingos para mejorar la confiabilidad del servicio."
details,27,211/215 – Extend route to serve Downtown Inglewood K Line Station.,"211/215 – Продлить маршрут, чтобы  обслуживать центр города Станция  Инглвуд линии К.  ",211/215 – ルートを延長してダウンタウンにサー  ビスを提供するイングルウッド K ライン駅。 ,211/215 – Mở rộng tuyến đường đến trung  tâm thành phố Nhà ga Inglewood K Line.  ,211/215 – 시내로 향하는 노선 확장잉글우드 K  라인 역.  ,211/215 – Ընդլայնել երթուղին՝ սպասարկելու Կենտրոնը Inglewood K Line Station. ,211/215 – 延長路線以服務市中心英格爾伍德 K 線站。,211/215 – La ruta se extenderá para dar servicio a la estación Downtown Inglewood de Metro K Line.
details,28,"212 – Route change. This line will end near the Hollywood/Highland Station and will no longer serve Hollywood Bl and the Hollywood/Vine Station (Line 217 will still serve this route segment). Board Line 212 South on westbound Hollywood Bl at Sycamore Av. Resources will be redeployed with higher frequency for this line, with weekday frequency improved from every 12 to every 10 minutes. Extend three late night trips to or from Hawthorne/Lennox Station weekday, Saturday, Sunday. Add three extra trips Saturday, Sunday to accommodate more riders.","212 – Изменение маршрута. Конечной  остановкой маршрута станет Hollywood/  Highland, остановки Hollywood Bl и  Hollywood/Vine в него больше не  входят (доехать до них по-прежнему  можно будет автобусом № 217).  Пассажиропоток по этому маршруту  увеличится за счет уменьшения  промежутков между рейсами с 12 до 10  минут. В будни, субботу и воскресенье  продлить маршрут трех ночных  рейсов до остановки Hawthorne/Lennox,  обратные рейсы также начинать от  указанной остановки. Добавить три  дополнительных рейса по субботам  и воскресеньям, чтобы обеспечить  перевозку большего количества  пассажиров.  ",212 – ルートが変更されます。この路線は  Hollywood/Highland 駅付近で終点とな  り、Hollywood BlおよびHollywood/Vine 駅へは  運行しません（217系統は引き続きこのルート区  間を運行します）。この路線の運行頻度を向上  させるようにリソースの配置転換を行い、平日  の運行頻度を12分に1本から10分に1本に改善し  ます。平日、土曜日、および日曜日の3本の深夜  運行便をHawthorne/Lennox 駅発着となるよう  延長します。輸送定員増加のために、土曜日お  よび日曜日の運行数が3本追加されます。  ,"212 – Thay đổi lộ trình. Tuyến này sẽ có  đích đến gần Ga Hollywood/Highland và sẽ  không còn phục vụ Ga Hollywood Bl và Ga  Hollywood/Vine (Tuyến 217 sẽ vẫn phục vụ  đoạn lộ trình này). Các nguồn lực hỗ trợ sẽ  được triển khai lại với tần suất cao hơn cho  tuyến này, với tần suất tăng từ 12 phút một  chuyến thành 10 phút một chuyến vào các  ngày trong tuần. Tăng giờ hoạt động cho  ba chuyến vào đêm muộn đến hoặc đi từ  Ga Hawthorne/Lennox vào các ngày trong  tuần, Thứ Bảy, Chủ Nhật. Tăng thêm ba  chuyến vào các ngày Thứ Bảy, Chủ Nhật để  phục vụ nhiều hành khách hơn.  ","212 – 노선 변경. 이 노선은 Hollywood/  Highland 역 근처에서 종료되며, Hollywood Bl  및 Hollywood/Vine 역에 대한 운행 서비스를 더  이상 제공하지 않습니다(217번은 여전히 이 노선  구간을 운행합니다). 이 노선 운행이 더 높은  빈도로 재배치되며, 평일 운행 간격은 12분에서  10분으로 개선됩니다. 평일, 토요일, 일요일에  Hawthorne/Lennox 역을 오가는 심야 운행 3회를  연장합니다. 더 많은 승객을 수용할 수 있도록  토요일, 일요일에 운행을 3회 추가합니다.  ","212 – Երթուղու փոփոխություն: Այս գիծը կավարտվի Hollywood/Highland կայարանում և այլևս չի սպասարկի Hollywood Bl և Hollywood/Vine կայարանները (217-րդ գիծը կշարունակի սպասարկել երթուղու այս հատվածը): Այս գծի համար ռեսուրսներ կվերաբաշխվեն հաճախականությունը բարձրացնելու համար՝ շաբաթվա օրերին յուրաքանչյուր 12 րոպեի փոխարեն յուրաքանչյուր 10 րոպեն մեկ սպասարկելու նպատակով: Երեք ուշ գիշերային ուղղություններ կավելացվի դեպի Hawthorne/ Lennox կայարան և նույն կայարանից դուրս շաբաթվա օրերին, շաբաթ և կիրակի օրերին: Եվս երեք հավելյալ ուղղության ավելացում շաբաթ և կիրակի օրերին՝ ավելի շատ ուղևորներ սպասարկելու համար: ",212 – 路線變更。此線路巴士的終點站將改在 Hollywood/Highland站，不再停靠Hollywood Bl 和Hollywood/Vine站（217號線仍會停靠此路段）。此線路將會重新安排更密集的巴士資源班 次，週間的班次時間間隔從每12分鐘一班縮短 為每10分鐘一班。週間、週六、週日將增加三班 往來Hawthorne/Lennox站的深夜出行班次。週 六、週日將增加三班出行班次以載運更多乘客。,"212 – Cambio de ruta. Esta línea terminará cerca de la estación Hollywood/Highland y dejará de dar servicio a Hollywood Bl y a la estación Hollywood/Vine (la Línea 217 seguirá dando servicio en este segmento de la ruta). Aborde la Línea 212 sur en dirrección oeste en Hollywood Blvd en Sycamore Ave. Los recursos se redistribuirán con mayor frecuencia en esta línea, con una mejor frecuencia entre semana de cada 12 a 10 minutos. Ampliar tres viajes nocturnos hacia o desde la estación Hawthorne/Lennox entre semana, los sábados y los domingos. Agregar tres viajes los sábados y los domingos para atender a más pasajeros. "
details,29,217 – Improve weekday frequency from every 12 minutes to every 10 minutes. Revised schedule weekday to improve service reliability.,"217 – Увеличить частоту движения  автобусов в будни, уменьшив  промежутки между рейсами с 12 до  10 минут. График движения в будни  был пересмотрен с целью повышения  надежности обслуживания.  ",217 – 平日の運行頻度を12分に1本から10分に1  本に改善します。サービスの信頼性向上のため、  平日の時刻表を改正します。  ,217 – Tăng tần suất từ 12 phút một chuyến  thành 10 phút một chuyến vào các ngày  trong tuần. Sửa đổi lịch trình các ngày  trong tuần để cải thiện độ tin cậy của dịch  vụ. ,217 – 평일 운행 간격을 12분에서 10분으로  개선합니다. 서비스 신뢰도 향상을 위해 평일  일정을 수정했습니다.  ,217 – Շաբաթվա օրերին վերանայված հաճախականություն՝ յուրաքանչյուր 12 րոպեի փոխարեն յուրաքանչյուր 10 րոպեն մեկ: Աշխատանքային օրերի համար վերանայված ժամանակացույց՝ սպասարկման հուսալիության բարձրացման նպատակով:,217 – 週間的班次時間間隔從每12分鐘一班縮 短為每10分鐘一班。為了提高服務穩定性，已修 訂週間的巴士時間表。訂週間的巴士時間表。,217 – Mejorar la frecuencia entre semana de cada 12 minutos a 10 minutos. Revisar el horario entre semana para mejorar la confiabilidad del servicio.
details,30,"224 – Line 224 will extend from Sylmar Station to Olive View Medical Center in place of Line 690 weekdays, Saturdays, Sundays. Weekday service frequency will increase to every 15 minutes between Universal City/Studio City Station and Sylmar Station, with service every 30 minutes between Sylmar Station and Olive View Medical Center. Saturdays and Sundays Line 224 service frequency will increase to every 20 minutes between Universal City/Studio City Station and Sylmar Station, with service every 40 minutes between Sylmar Station and Olive View Medical Center. The revised schedules weekday, Saturday, Sunday will improve service reliability.","224 – Маршрут автобуса №224 будет  продлен от остановки Sylmar до Olive View  Medical Center и заменит маршрут №690  по будням, субботам и воскресеньям.  По будням промежуток между рейсами  будет уменьшен до 15 минут между  остановкой Universal City/Studio City  и остановкой Sylmar и составлять 30  минут между остановкой Sylmar и  Olive View Medical Center. По субботам  и воскресеньям промежуток между  рейсами на маршруте № 224 будет  уменьшен до 20 минут между остановкой  Universal City/Studio City и остановкой  Sylmar и составлять 40 минут между  остановкой Sylmar и Olive View Medical  Center. График движения в будни, а  также по субботам и воскресеньям  был пересмотрен с целью повышения  надежности обслуживания.  ",224 – 224系統は、690系統の平日と土日の運  行に代わり、Sylmar駅からOlive View Medical  Centerまで延線します。平日の運行の頻度  は、Universal City/Studio City駅とSylmar駅の  間が15分ごと、そのうちSylmar 駅とOlive View  Medical Centerの間は30分間隔で、本数を増や  して運行します。土日の224系統は、Universal  City/Studio City駅とSylmar駅の間が20分ごと、  そのうちSylmar 駅とOlive View Medical Center  の間は40分間隔で、本数を増やして運行します。  この平日・土日のスケジュール変更は、サービス  への信頼性を高めます。  ," 224 – Tuyến 224 sẽ kéo dài từ Ga Sylmar  đến Olive View Medical Center thay cho  Tuyến 690 các ngày trong tuần, thứ Bảy và  Chủ Nhật. Tần suất phục vụ các ngày trong  tuần sẽ tăng lên 15 phút một chuyến giữa  Ga Universal City/Studio City và Ga Sylmar,  với tần suất phục vụ 30 phút một chuyến  giữa Ga Sylmar và Olive View Medical  Center. Vào thứ Bảy và Chủ Nhật, tần suất  phục vụ của Tuyến 224 sẽ tăng lên 20 phút  một chuyến giữa Ga Universal City/Studio  City và Ga Sylmar, với tần suất phục vụ 40  phút một chuyến giữa Ga Sylmar và Olive  View Medical Center. Sửa đổi lịch trình các  ngày trong tuần, Thứ Bảy, Chủ Nhật sẽ cải  thiện độ tin cậy của dịch vụ.  ","224 – 224번 노선은 평일, 토요일, 일요일 690  노선을 대신해 Sylmar역에서 Olive View Medical  Center까지 연장합니다. Universal City/Studio  City역과 Sylmar역 사이 평일 운행 간격은 15  분으로 늘어나며, Sylmar역과 Olive View Medical  Center 사이는 30분 간격으로 운행합니다. 224  노선의 토요일, 일요일 운행 간격은 Universal  City/Studio City Station역과 Sylmar역 사이는 20  분으로 늘어나며, Sylmar역과 Olive View Medical  Center 사이는 40분마다 운행됩니다. 수정된  일정은 평일, 토요일, 일요일에 서비스 신뢰성을  향상시킵니다.  ","224 – 224 գիծը կձգվի Sylmar Station-ից մինչև Olive View բժշկական կենտրոն՝ 690 գծի փոխարեն աշխատանքային օրերին, շաբաթ և կիրակի օրերին: Շաբաթվա օրերին սպասարկման հաճախականությունը կավելանա մինչև 15 րոպեն մեկ Universal City/Studio City Station-ի և Sylmar Station-ի միջև, և յուրաքանչյուր 30 րոպեն մեկ՝ Sylmar Station-ի և Olive View բժշկական կենտրոնի միջև: Շաբաթ և կիրակի օրերին 224 գծի սպասարկման հաճախականությունը կավելանա մինչև 20 րոպեն մեկ՝ Universal City/Studio City Station-ի և Sylmar Station-ի միջև, և յուրաքանչյուր 40 րոպեն մեկ՝ Sylmar Station-ի և Olive View բժշկական կենտրոնի միջև: Շաբաթվա աշխատանքային օրերի, շաբաթ, կիրակի օրերի, վերանայված գրաֆիկները կբարելավեն սպասարկման հուսալիությունը: ",224 – 224號線將取代在週間、週六及週日運 行的690號線，從Sylmar站延伸至Olive View Medical Center。工作日的班次時間間隔將增加 到Universal City/Studio City站和Sylmar站之間 每15分鐘一班，Sylmar站和Olive View Medical Center之間每30分鐘一班。224號線週六及週日 的班次時間間隔將增加到Universal City/Studio City站和Sylmar站之間每20分鐘一班，Sylmar站 和Olive View Medical Center之間每40分鐘一 班。修訂後的週間、週六及週日時間表將提高服 務穩定性。,"224 – La Línea 224 se extenderá desde Sylmar Station hasta Olive View Medical Center en lugar de la Línea 690 entre semana, sábados y domingos. La frecuencia del servicio entre semana aumentará a cada 15 minutos entre las estaciones Universal City/Studio City y Sylmar, con un servicio cada 30 minutos entre la estación Sylmar y Olive View Medical Center. Sábados y domingos, la frecuencia del servicio de la Línea 224 aumentará a cada 20 minutos entre las estaciones Universal City/Studio City y Sylmar, con servicio cada 40 minutos entre la estación Sylmar y Olive View Medical Center. Los horarios revisados de lunes a viernes, sábado y domingo mejorarán la confiabilidad del servicio."
details,31,234 – Revised schedule weekday to improve service reliability.,234 – График движения в будни был  пересмотрен с целью повышения  надежности обслуживания.  ,234 – サービスの信頼性向上のため、平日の時  刻表を改正します。  ,234 – Sửa đổi lịch trình các ngày trong tuần  để cải thiện độ tin cậy của dịch vụ.  ,234 – 서비스 신뢰도 향상을 위해 평일 일정을  수정했습니다.  ,234 – Աշխատանքային օրերի համար վերանայված ժամանակացույց՝ սպասարկման հուսալիության բարձրացման նպատակով: ,234 – 為了提高服務穩定性，已修訂週間的巴士 時間表。,234 – Revisar el horario entre semana para mejorar la confiabilidad del servicio.
details,32,237 – Reroute direct via Burbank Bl and Lankershim Bl to/from North Hollywood Station as planned in the NextGen Bus Plan to better distribute east-west bus service. ,237 – Перенаправить прямо через Burbank  Bl и Lankershim Bl к остановке North  Hollywood и в обратном направлении от  нее в соответствии с планом the NextGen  Bus Plan с целью улучшения автобусного  сообщения в направлении восток-запад.  ,237 – 東西のバス運行サービスをより円滑に進  めるため、NextGen Bus Planで計画されていた  通り、Burbank BlとLankershim Bl経由でNorth  Gollywood駅発/着直通のルート変更を行いま  す。  ,237 – Đổi lịch trình trực tiếp qua Burbank  Bl và Lankershim Bl đến/từ Ga North  Hollywood theo kế hoạch trong Chương  Trình NextGen Bus nhằm phân phối dịch vụ  xe buýt phía đông-tây tốt hơn.  ,237 – 동서 방향의 버스 서비스를 더 잘 분배하기  위해 NextGen 버스 플랜의 계획대로 Burbank Bl  과 Lankershim Bl을 경유해 North Hollywood  역으로/역에서 곧장 경로를 변경합니다.   ,"237 – Փոխեք ուղիղ երթուղին Burbank Bl-ով և Lankershim Bl-ով դեպի/Հյուսիսային Հոլիվուդի կայարան և հակառակ ուղղությամբ, ինչպես նախատեսված է NextGen Bus Plan-ում՝ ավելի լավ բաշխելու արևելք-արևմուտք ծառայությունը: ",237 – 根據NextGen巴士計劃，將途徑Burbank Bl 和Lankershim Bl以直接往返North Hollywood 站，從而更好地分配東西方向的巴士服務。,237 – Cambiar la ruta directamente a través de Burbank Bl y Lankershim Bl hacia/desde la estación North Hollywood como se planeó en el Plan de Autobuses NextGen para distribuir mejor el servicio de autobuses de este a oeste.
details,33,"240 – Improve weekday peak period frequency from every 12 minutes to every 10 minutes. Revised schedule weekday, Saturday, Sunday to improve service reliability. ","240 – Увеличить частоту движения автобусов в будни в период повышенного спроса, уменьшив промежутки между рейсами с 12 до 10 минут. График движения в будни, а также по субботам и воскресеньям был пересмотрен с целью повышения надежности обслуживания.",240 – 平日ピーク時の運行頻度を12分に1本か  ら10分に1本に改善します。サービスの信頼性向  上のため、平日、土曜日、および日曜日の時刻表  を改正します。  ,"240 – Tăng tần suất từ 12 phút một chuyến  thành 10 phút một chuyến vào các giờ cao  điểm trong tuần. Sửa đổi lịch trình các ngày  trong tuần, Thứ Bảy, Chủ Nhật để cải thiện  độ tin cậy của dịch vụ.  ","240 – 평일 피크 시간대 운행 간격을 12분에서 10  분으로 개선합니다. 서비스 신뢰도 향상을 위해  평일, 토요일, 일요일 일정을 수정했습니다.  ","240 – Շաբաթվա օրերին պիկ ժամերի վերանայված հաճախականություն՝ յուրաքանչյուր 12 րոպեի փոխարեն յուրաքանչյուր 10 րոպեն մեկ: Վերանայված ժամանակացույց շաբաթվա, շաբաթ և կիրակի օրերի համար՝ ծառայության հուսալիությունը բարելավելու նպատակով: ",240 – 週間尖峰時段的班次時間間隔從每12分 鐘一班縮短為每10分鐘一班。為了提高服務穩 定性，已修訂週間、週六、週日的巴士時間表。,"240 – Mejorar la frecuencia de las horas pico entre semana de cada 12 minutos a 10 minutos. Revisar el horario entre semana, los sábados y los domingos para mejorar la confiabilidad del servicio"
details,34,"265 – At Pico Rivera, service will terminate on Whittier Bl at Rosemead Bl due to closure of bus lot at Passons Bl/Jackson St. ",265 – В Pico Rivera конечная остановка маршрута будет на Whittier Bl у Rosemead Bl по причине закрытия автобусной стоянки на Passons Bl/Jackson St.,265 – Pico Riveraでは、Passons Bl/Jackson  Stのバス駐車場の閉鎖により、Whitter Blの  Rosemead Blでのサービス運行を停止します。  ,"265 – Tại Pico Rivera, dịch vụ sẽ ngừng ở  Whittier Bl tại Rosemead Bl do đóng cửa  bãi đậu xe buýt tại Passons Bl/Jackson St.  ",265 – Pico Rivera에서의 운행은 Passons Bl/  Jackson역의 버스 주차장 폐쇄로 인해 Whittier Bl  at Rosemead Bl에서 종료됩니다.  ,265 – Pico Rivera-ում ծառայությունը կդադարեցվի Whittier Bl-ում Rosemead Bl-ում՝ Passons Bl/Jackson St-ում դեպոյի փակման պատճառով:  ,265 – 在Pico Rivera，由於Passons Bl/Jackson St 的巴士站關閉，服務將在位於Rosemead Bl的 Whittier Bl關閉。,"265 – En Pico Rivera, el servicio terminará en Whittier Bl en Rosemead Bl debido al cierre del estacionamiento de autobuses en Passons Bl/Jackson St."
details,35,460 – Added one extra trip weekday to accommodate more riders. ,"460 – Добавить один дополнительный  рейс в будни, чтобы обеспечить  перевозку большего количества  пассажиров.  ",460 – 輸送定員増加のために、平日の運行数が  1本追加されます。  ,460 – Tăng thêm một chuyến vào các ngày  trong tuần để phục vụ nhiều hành khách  hơn.  ,460 – 더 많은 승객을 수용할 수 있도록 평일  운행을 한 건 추가했습니다.  ,460 – Մեկ հավելյալ ուղղության ավելացում շաբաթվա օրերին՝ ավելի շատ ուղևորների սպասարկելու համար:,460 – 週間已增加一班出行班次以載運更多乘 客。,460 – Se agregó un viaje entre semana para atender a más pasajeros.
details,36,"534 – Renumber this line as Line 134. No change to route or stops. Revised schedule weekday, Saturday, Sunday to improve service reliability. Added one extra trip weekday to accommodate more riders. ","534 – Изменить номер этого маршрута  на 134. Маршрут и перечень остановок  остается без изменений. График  движения в будни, а также по субботам и  воскресеньям был пересмотрен с целью  повышения надежности обслуживания.  Добавить один дополнительный рейс  в будни, чтобы обеспечить перевозку  большего количества пассажиров.  ",534 – この路線は134系統へと番号変更されま  す。ルートおよび停留所には変更ありません。サ  ービスの信頼性向上のため、平日、土曜日、およ  び日曜日の時刻表を改正します。輸送定員増加  のために、平日の運行数が1本追加されます。  ,"534 – Đặt lại số cho tuyến này là Tuyến 134.  Không thay đổi lộ trình hay điểm dừng. Sửa  đổi lịch trình các ngày trong tuần, Thứ Bảy,  Chủ Nhật để cải thiện độ tin cậy của dịch  vụ. Tăng thêm một chuyến vào các ngày  trong tuần để phục vụ nhiều hành khách  hơn.  ","534 – 이 노선 번호를 134번으로 바꿉니다.  노선이나 정류장은 변경되지 않습니다. 서비스  신뢰도 향상을 위해 평일, 토요일, 일요일 일정을  수정했습니다. 더 많은 승객을 수용할 수 있도록  평일 운행을 한 건 추가했습니다.  ","534 – Այս գծի համարի փոփոխություն 134-ի: Որևէ երթուղու կամ կայարանի փոփոխություն կատարված չէ: Վերանայված ժամանակացույց շաբաթվա, շաբաթ և կիրակի օրերի համար՝ ծառայության հուսալիությունը բարելավելու նպատակով: Մեկ հավելյալ ուղղության ավելացում շաբաթվա օրերին՝ ավելի շատ ուղևորների սպասարկելու համար: ",534 – 此線路巴士已更改為134號線。其路線或 停靠站維持不變。為了提高服務穩定性，已修訂 週間、週六、週日的巴士時間表。週間已增加一 班出行班次以載運更多乘客。,"534 – Renombrar esta línea como Línea 134 No hay cambios en la ruta ni en las paradas. Revisar el horario entre semana, los sábados y los domingos para mejorar la confiabilidad del servicio. Se agregó un viaje entre semana para atender a más pasajeros."
details,37,"690 – Line 224 will extend from Sylmar Station to Olive View Medical Center in place of Line 690, which will continue to operate its usual route between Olive View Medical Center and Sunland. Line 690 frequency between Olive View Medical Center and Sunland will increase from every 50 minutes to every 30 minutes weekdays, and 40 minutes Saturdays and Sundays. ","690 – Маршрут автобуса №224 будет  продлен от остановки Sylmar до Olive View  Medical Center и заменит маршрут № 690,  автобусы которого продолжат движение  по своему обычному маршруту между  Olive View Medical Center и Sunland.  Промежуток между рейсами автобуса  № 690 между Olive View Medical Center и  Sunland будет уменьшен с 50 минут до 30  минут в будни и до 40 минут по субботам  и воскресеньям.  ",690 – 224系統は、690系統の代わりに、Symar駅  からOlive View Medical Centerまで延長して運  行します。690系統は、Olive View Medical Center  とSunlandの間は通常通りのルートで引き続  き運行します。690系統のOlive View Medical  Center とSunland間の運行頻度は、50分に1本  が、平日は30分ごとに、土日は40分ごとに、本数  が増えます。  ,"690 – Tuyến 224 sẽ kéo dài từ Ga Sylmar  đến Olive View Medical Center thay cho  Tuyến 690, tuyến này sẽ tiếp tục khai thác  lộ trình thông thường từ Olive View Medical  Center đến Sunland. Tần suất Tuyến 690 từ  Olive View Medical Center đến Sunland sẽ  tăng từ 50 phút một chuyến thành 30 phút  một chuyến các ngày trong tuần và 40 phút  một chuyến các ngày thứ Bảy và Chủ Nhật.  ","690 – 224번 노선은 Olive View Medical Center  와 Sunland 사이 평소 노선을 계속 운행할 690  번 노선을 대체해 Sylmar에서 Olive View Medical  Center까지 연장 운행합니다. 690번 노선의  Olive View Medical Center 와 Sunland 사이 운행  간격은 매 50분에서 평일 30분, 토요일과 일요일  40분으로 짧아집니다.  ","690 – 224 գիծը կձգվի Sylmar Station կայարանից մինչև Olive View բժշկական կենտրոն 690 գծի փոխարեն, որը կշարունակի գործարկել իր սովորական երթուղին Olive View բժշկական կենտրոն-ի և Sunland-ի միջև: 690 գծի հաճախականությունը Olive View բժշկական կենտրոն-ի և Sunland-ի միջև կաճի յուրաքանչյուր 50 րոպեից մինչև յուրաքանչյուր 30 րոպե աշխատանքային օրերին և 40 րոպե՝ շաբաթ և կիրակի օրերին: ",690 – 224號線將取代690號線，從Sylmar站延 伸至Olive View Medical Center，而690線路將繼 續在Olive View Medical Center和Sunland之間 的常規線路運行。Olive View Medical Center和 Sunland之間的690號線的班次間隔時間將從週 間每50分鐘一班增加到每30分鐘一班，週六和 週日增加到每40分鐘一班。,"690 – La Línea 224 se extenderá desde la estación Sylmar hasta Olive View Medical Center en lugar de la Línea 690, que continuará operando su ruta habitual entre Olive View y Sunland. La frecuencia de la Línea 690 entre Olive View Medical Center y Sunland aumentará de cada 50 minutos a cada 30 minutos entre semana y 40 minutos los sábados y domingos."
details,38,C & K Line Link – New bus line linking new K Line Westchester/Veterans Station and the existing C Line (Green) Aviation/LAX Station. ,"C & K Line Link – Новый автобусный  маршрут, соединяющий новую  остановку Crenshaw K Line Westchester/  Veteran и существующую остановку C Line  (Green) Aviation/LAX Station.  ",C & K Line Link – 新しいCrenshaw K Line  Westchester/Veteran 駅と既存のC Line (Green)  Aviation/LAX 駅をつなぐ新しいバス路線です。  ,C & K Line Link – Tuyến xe buýt mới nối Ga  Crenshaw K Line Westchester/Veteran mới  và Ga C Line (Green) Aviation/LAX hiện tại.  ,C & K Line Link – 새로운 Crenshaw K 라인  Westchester/Veteran 역과 기존 C 라인(그린)  Aviation/LAX 역을 연결하는 새로운 버스 노선이  생겼습니다. ,"C & K Line Link – Նոր գիծ, որը կապում է Crenshaw K Line Westchester/Veteran նոր կայարանը և C Line (Green) Aviation/LAX գործող կայարանը: ",C & K Line Link – 新設的巴士線路將新的 Crenshaw K Line Westchester/Veteran站和現有 的C線（綠線）Aviation/LAX 站加以連結。,C & K Line Link – Una nueva línea de autobús para conectar la nueva estación Crenshaw K Line Westchester/Veterans y la estación actual C Line Aviation/LAX.
footer,1,"Note: This line will begin operation when the K Line opens for service, on October 7, 2022.","Примечание: этот маршрут начнет  работу, как только маршрут K Line  откроется для пассажиров (7 октября  2022 г.).   ",注：この路線は、K Lineがサービスを開始した  タイミングで運行開始します（2022 年 10 月 7  日）。  ,Lưu ý: tuyến này sẽ bắt đầu hoạt động khi  Tuyến K đi vào hoạt động (Ngày 7 tháng  10 năm 2022).   , 참고: 이 노선은 K 라인이 개통되면 운행이  시작됩니다(2022년 10월 7일).   ,"Խնդրում ենք նկատի ունենալ, որ այս գիծը կսկսի գործել, երբ K Line գիծը բացվի սպասարկման համար (7 հոկտեմբերի, 2022 թ):  ",站加以連結。請注意，這個線路的巴士會在K線通車時開始營 運（2022 年 10 月 7 日）。,"Nota: Esta línea empezará a operar cuando la K Line se abra para el servicio, el 7 de octubre de 2022."
